{"cameraMode":{"drawMode":0,"name":"Shaded","section":"Shading Mode"},"sceneLighting":true,"audioPlay":false,"sceneViewState":{"showFog":true,"showMaterialUpdate":false,"showSkybox":true,"showFlares":true,"showImageEffects":true,"showParticleSystems":true},"in2DMode":false,"pivot":{"x":58.541664123535159,"y":18.145713806152345,"z":11.340879440307618},"rotation":{"x":0.016752952709794046,"y":0.9813299775123596,"z":-0.16392160952091218,"w":0.1010637953877449},"size":277.98333740234377,"orthographic":true}